{
    "accuracy": 0.9782026869776791,
    "precision": 0.9782094046789735,
    "recall": 0.9782026869776791,
    "f1_score": 0.9750309774740853
}